{
    "co": NaN,
    "no": NaN,
    "no2": 5.78118785889077,
    "o3": 198.64671987532165,
    "so2": 10.33039959235414,
    "pm2_5": 86.76752424914356,
    "pm10": 31.905920732799416,
    "nh3": 0.8916076875567167
}