month,yhat,AQI
2024-10,4.361157576007071,4.114299600006671
2024-11,3.615176571455019,3.4105439353349234
2024-12,1.857251787156522,1.7521243275061529
2025-01,0.47504476154946657,0.4481554354240251
2025-02,0.008454974329134486,0.007976390876541967
2025-03,0.0,0.0
2025-04,0.0,0.0
2025-05,0.0,0.0
2025-06,0.0,0.0
2025-07,0.0,0.0
2025-08,0.0,0.0
2025-09,0.0,0.0
2025-10,0.0,0.0
2025-11,0.0,0.0
